Order ID,Provider,Provider Order ID,System Status,Provider Status,Remains,Quantity,Created At
"c3cbf55d-151c-4afd-afdf-c1174f50c38c","OldSMM","9431959","processing","Pending","200",200,"2026-09-03T22:18:10.68314+00:00"
"af2379b0-78cc-430c-8d2d-bc0a46f86395","OldSMM","9431957","processing","Pending","100",100,"2026-09-03T22:18:04.591191+00:00"
"e6fc58d0-60bb-4cff-ae0d-8b7232c7266d","OldSMM","9431951","processing","Pending","200",200,"2026-09-03T22:17:54.431367+00:00"
"d048186e-790d-4385-aabc-d15e8d975522","OldSMM","9431948","processing","Pending","100",100,"2026-09-03T22:17:48.908389+00:00"
"e6c4af58-af6f-45a8-9a62-4b5cf27032d5","OldSMM","9431937","processing","Pending","100",100,"2026-09-03T22:17:17.512381+00:00"
"396ca13d-768d-4b99-b810-876c1b18d78b","OldSMM","9431921","processing","Pending","2000",2000,"2026-09-03T22:16:39.741643+00:00"
"dfdfabb9-3b87-4ab0-924e-9d08a2ecb604","OldSMM","9431906","processing","Pending","250",250,"2026-09-03T22:15:53.294165+00:00"
"8aef7de2-d95c-4fc9-bc3f-779f2e5b5293","OldSMM","9431896","processing","Pending","500",500,"2026-09-03T22:15:25.063099+00:00"
"f87df044-b3be-490d-a533-961e9df5e476","OldSMM","9431886","processing","Pending","200",200,"2026-09-03T22:15:07.03757+00:00"
"dd8e0ded-867c-4c29-bda8-7a752f1575a6","OldSMM","9431883","in progress","Pending","500",500,"2026-09-03T22:14:58.170585+00:00"
"91164258-6c62-47f6-9791-2cdd4fcf3ba9","OldSMM","9431838","in progress","Pending","400",400,"2026-09-03T22:13:05.015704+00:00"
"93684371-5cd2-4b11-94e2-3811f57a119b","OldSMM","9431620","in progress","Pending","1000",1000,"2026-09-03T21:59:59.775278+00:00"
"78c0bc74-4558-46c4-9dff-7ffd078131c2","OldSMM","9431326","in progress","Pending","100",100,"2026-09-03T21:44:03.332842+00:00"
"8b55e902-2e20-40ac-b4b8-77de2a4912c4","OldSMM","9431085","in progress","Pending","500",500,"2026-09-03T21:34:35.902044+00:00"
"1b9e92dc-291d-4200-bbd1-5f1b417b4d8f","OldSMM","9430989","in progress","Pending","500",500,"2026-09-03T21:30:16.182337+00:00"
"199e2e9e-7b92-4f21-a54a-292af1d715dd","OldSMM","9430871","in progress","Pending","100",100,"2026-09-03T21:24:07.184911+00:00"
"325d8afe-7807-4def-b330-2a05854acdfb","OldSMM","9430475","in progress","Pending","200",200,"2026-09-03T21:06:50.142658+00:00"
"096eb7ab-7bbb-48c1-8487-27222a681898","OldSMM","9430422","in progress","Pending","100",100,"2026-09-03T21:06:13.001546+00:00"
"85f57470-aa9e-4c7a-9b38-7507cde9f4a0","OldSMM","9429649","in progress","Pending","100",100,"2026-09-03T20:29:17.239389+00:00"
"dcc4a9e1-bfe5-414e-80ef-9addd25a8ec5","OldSMM","9429357","in progress","Completed","0",100,"2026-09-03T20:13:43.19643+00:00"
"15e81692-5856-4a46-8306-f589cc9c8ab5","OldSMM","9429104","in progress","Pending","100",100,"2026-09-03T20:00:49.472653+00:00"
"f7b66af0-61ff-45b6-8739-f77f01832103","OldSMM","9428437","in progress","Pending","200",200,"2026-09-03T19:27:02.739797+00:00"
"bd12af34-9286-4cb1-9885-34d2b239b12b","OldSMM","9428417","in progress","Pending","100",100,"2026-09-03T19:25:56.541676+00:00"
"ee61bc37-2ff6-4579-82c9-ff2f0ebe3df4","OldSMM","9428347","in progress","Pending","100",100,"2026-09-03T19:22:15.017905+00:00"
"eef589cc-9cce-47f7-9061-5db7c3360eff","OldSMM","9428329","in progress","Pending","100",100,"2026-09-03T19:21:48.538631+00:00"
"829161fa-ce51-4749-b324-5ba81bc822ea","OldSMM","9428152","in progress","Pending","100",100,"2026-09-03T19:13:27.51741+00:00"
"6e6bb7db-08df-43dd-8013-0290b7cb0bd2","OldSMM","9427915","in progress","Pending","500",500,"2026-09-03T19:06:06.466934+00:00"
"0c20e420-f068-4688-9a22-4940160d4827","OldSMM","9426966","in progress","Pending","100",100,"2026-09-03T18:24:55.650096+00:00"
"c8820e04-e83b-4ed3-903b-5153added04e","OldSMM","9426963","in progress","Pending","200",200,"2026-09-03T18:24:43.40494+00:00"
"7b65b723-90a4-46f1-a9f7-daacbded6e7f","OldSMM","9426814","in progress","Pending","100",100,"2026-09-03T18:17:13.970612+00:00"
"389dae18-d7f8-43ed-9757-2182afae9318","OldSMM","9426679","in progress","Pending","200",200,"2026-09-03T18:11:39.338193+00:00"
"2b972dff-6a99-49aa-84f2-ecc802fb0602","OldSMM","9426642","in progress","Pending","200",200,"2026-09-03T18:10:03.459277+00:00"
"fc292453-e4ed-4240-876d-9b532358f739","OldSMM","9426161","in progress","Pending","100",100,"2026-09-03T17:47:43.603313+00:00"
"b0c0ee5e-51a6-40a0-b774-6fd6a3edf299","OldSMM","9425695","in progress","Pending","110",110,"2026-09-03T17:29:52.148419+00:00"
"80ff5919-65c6-4ff7-b876-ba0abf050f67","OldSMM","9425025","in progress","Pending","300",300,"2026-09-03T17:04:15.943574+00:00"
"1e79cbb4-8fc1-4b26-8ff0-e0b1189223c3","OldSMM","9424670","in progress","Pending","280",280,"2026-09-03T16:49:42.801304+00:00"
"aaa3ffef-5328-46c6-97eb-b37cc91fa39f","OldSMM","9424308","in progress","Pending","100",100,"2026-09-03T16:36:01.531673+00:00"
"ef9ff288-08e8-427d-ac31-086d477ca9bd","OldSMM","9424293","in progress","Pending","1000",1000,"2026-09-03T16:35:24.915703+00:00"
"4098e1bf-f521-482a-a69a-2ab7b8c936c1","OldSMM","9424135","in progress","Pending","100",100,"2026-09-03T16:30:56.353394+00:00"
"b455ebd5-93aa-4308-af62-3b4f683831b3","OldSMM","9424078","in progress","Pending","100",100,"2026-09-03T16:29:11.962655+00:00"
"151e07f6-66ce-4a84-8042-13e992c02fc9","OldSMM","9423982","in progress","Pending","100",100,"2026-09-03T16:25:44.518538+00:00"
"fd0e88e8-ef55-4574-ac0e-ee9dc9a12b33","OldSMM","9423943","in progress","Pending","100",100,"2026-09-03T16:24:38.363259+00:00"
"0490701c-8042-486a-b1a2-4abf201febe8","OldSMM","9422519","in progress","Pending","100",100,"2026-09-03T15:36:17.682818+00:00"
"fe30fc07-6084-4f01-811d-1eb162c2aeef","OldSMM","9422361","in progress","Pending","200",200,"2026-09-03T15:32:50.388845+00:00"
"bbe790dc-1abe-4de4-af3a-71efdea70a89","OldSMM","9422187","in progress","Pending","100",100,"2026-09-03T15:27:56.627049+00:00"
"3e722d3d-4856-40ff-8833-424819569325","OldSMM","9421981","in progress","Pending","200",200,"2026-09-03T15:22:27.200817+00:00"
"e9303216-1495-4fb0-a8e8-61dba159548c","OldSMM","9421971","in progress","Pending","100",100,"2026-09-03T15:22:09.319305+00:00"
"26778f94-2252-4782-a296-324392079c4c","OldSMM","9421961","in progress","Pending","200",200,"2026-09-03T15:21:58.959074+00:00"
"67d42265-debb-4c65-a96b-c6e9649d0c34","OldSMM","9420440","in progress","Pending","100",100,"2026-09-03T14:43:36.810075+00:00"
"a70022bd-f429-4ecf-a4d2-0a67709a130c","OldSMM","9420140","in progress","Pending","100",100,"2026-09-03T14:35:36.226641+00:00"
"1ab27706-dc28-48de-9103-5c035f1072a8","OldSMM","9419869","in progress","Pending","1000",1000,"2026-09-03T14:28:02.740954+00:00"
"ae7b86d9-43a4-45e5-ab85-9d1f58c78891","OldSMM","9419810","in progress","Pending","500",500,"2026-09-03T14:26:45.555403+00:00"
"91a58dd8-1f67-4438-9ebe-134ed8511cb5","OldSMM","9419766","in progress","Pending","100",100,"2026-09-03T14:25:58.38922+00:00"
"412bbae7-7b9a-431e-8a80-da00146f3a02","OldSMM","9419662","in progress","Pending","200",200,"2026-09-03T14:23:15.476328+00:00"
"095e90b9-6200-4369-8b16-51582eda04a3","OldSMM","9418531","in progress","Pending","100",100,"2026-09-03T13:50:38.568261+00:00"
"4ccf2fb8-bdd0-4b69-a13a-ccb73b44992a","OldSMM","9418147","in progress","Pending","100",100,"2026-09-03T13:35:07.693996+00:00"
"e1e92f48-8291-4dc1-ba40-a8789f417c95","OldSMM","9417626","in progress","Pending","100",100,"2026-09-03T13:19:09.945661+00:00"
"b3da0389-dca6-431e-a711-6ca66b5eaa43","OldSMM","9416625","in progress","Pending","200",200,"2026-09-03T12:46:30.810586+00:00"
"7d596a68-9c3c-4fef-b0ac-ad79924119c3","OldSMM","9416567","in progress","Pending","200",200,"2026-09-03T12:44:39.510011+00:00"
"4bba60c6-4aa4-443d-aeee-71bf21bd5607","OldSMM","9415846","in progress","Pending","100",100,"2026-09-03T12:22:33.389893+00:00"
"1d7f90db-52f8-4be8-8c24-4a93c13db42c","OldSMM","9415793","in progress","Pending","100",100,"2026-09-03T12:20:37.221752+00:00"
"cbe64e96-cc96-468f-a0e8-f434c2b27337","OldSMM","9415773","in progress","Pending","500",500,"2026-09-03T12:19:49.608945+00:00"
"4f6f9e1f-20e4-4123-8eeb-8362821ff0b9","OldSMM","9414561","in progress","Pending","100",100,"2026-09-03T11:42:27.934018+00:00"
"4a8c8063-eabd-4ae3-ae16-b359285460bb","OldSMM","9414514","in progress","Pending","100",100,"2026-09-03T11:40:42.116062+00:00"
"1a6b769b-eb9b-4192-99b0-7d23721be547","OldSMM","9413288","in progress","Pending","200",200,"2026-09-03T10:55:21.958555+00:00"
"9d6363b2-29eb-43cf-a08f-51b893025d41","OldSMM","9413281","in progress","Pending","500",500,"2026-09-03T10:55:10.880044+00:00"
"16b29b16-b20d-4790-a6e1-0be4b64478f0","OldSMM","9413267","in progress","Pending","100",100,"2026-09-03T10:54:29.529888+00:00"
"6da6af46-6faf-45dc-a3f2-5b43da96d1c9","OldSMM","9410661","in progress","Pending","100",100,"2026-09-03T09:16:27.537881+00:00"
"973be53e-43d7-44cc-b39c-e28d21c1f9f4","OldSMM","9410646","in progress","Pending","100",100,"2026-09-03T09:15:56.228532+00:00"
"d41efc75-510c-436b-9e72-92f14d407c76","OldSMM","9409812","in progress","Pending","200",200,"2026-09-03T08:39:06.725861+00:00"
"b6654c2d-d8b3-4ce3-9bc2-df4d4d038321","OldSMM","9408980","in progress","Pending","1000",1000,"2026-09-03T08:06:03.377257+00:00"
"2a50d8d9-2dce-4b48-a56a-546566e76de4","OldSMM","9408978","in progress","Pending","200",200,"2026-09-03T08:06:02.72777+00:00"
"7b5c1778-af95-474a-9f19-95febd22ef19","OldSMM","9407787","in progress","Pending","100",100,"2026-09-03T07:16:44.747098+00:00"
"6303f231-a92f-4e9e-b470-a8f3282b0314","OldSMM","9405893","in progress","Pending","100",100,"2026-09-03T06:02:47.511845+00:00"
"a9543ccb-4792-479b-bfcf-324abad91334","OldSMM","9403438","in progress","Pending","200",200,"2026-09-03T04:21:22.492091+00:00"
"21d5d18b-a13a-49fc-bebb-bd78b1824e1f","OldSMM","9403423","in progress","Pending","200",200,"2026-09-03T04:20:47.145606+00:00"
"6ab88853-ec24-457e-b172-a23949b62fc8","OldSMM","9403382","in progress","Pending","100",100,"2026-09-03T04:19:17.739536+00:00"
"de290383-da66-4c79-8488-42ff55f13095","OldSMM","9403177","in progress","Pending","100",100,"2026-09-03T04:11:32.340523+00:00"
"e7b2f6fe-fb24-4157-87d7-deb201b97135","OldSMM","9403122","in progress","Pending","200",200,"2026-09-03T04:09:07.356255+00:00"
"996e12ee-60ef-41bf-9e26-7d17b29de920","OldSMM","9402766","in progress","Pending","200",200,"2026-09-03T03:54:08.734328+00:00"
"468194b8-ef03-4f7f-9334-68e3e66c0d9a","OldSMM","9401415","in progress","Pending","100",100,"2026-09-03T03:04:15.08457+00:00"
"a6f63ae9-9b4c-481b-a66a-0b2921c4b93a","OldSMM","9400504","in progress","Pending","100",100,"2026-09-03T02:31:40.931053+00:00"
"0445d1af-5e25-48c2-b937-80c83dd2522e","OldSMM","9399849","in progress","Pending","100",100,"2026-09-03T02:07:21.768225+00:00"
"503d7df8-60bd-421b-981b-8a145c91e3d8","OldSMM","9397804","in progress","Pending","100",100,"2026-09-03T00:56:01.694683+00:00"
"c57b43fe-69b0-4d81-b158-ea96180a137e","OldSMM","9397646","in progress","Pending","200",200,"2026-09-03T00:51:13.907856+00:00"
"22204ff7-d21a-4c2f-86fd-60c2e7e25a19","OldSMM","9397632","in progress","Pending","1000",1000,"2026-09-03T00:50:56.933361+00:00"
"3d3dce0e-df42-4162-a2b2-005d34f9df5d","OldSMM","9397358","in progress","Pending","100",100,"2026-09-03T00:42:00.732574+00:00"
"3be62297-4635-45c4-b741-f6fb6fd318ad","OldSMM","9396387","in progress","Pending","100",100,"2026-09-03T00:10:07.879456+00:00"
"1954bed7-9d73-4b66-a1d9-d0532e6bd718","OldSMM","9390625","in progress","Pending","100",100,"2026-09-02T21:32:16.390303+00:00"
"89247a5d-cff0-4ed7-9b6a-297b90604470","OldSMM","9386374","in progress","Pending","100",100,"2026-09-02T19:48:19.419809+00:00"
"825bcd74-622f-408e-9aef-c441860f5e3b","OldSMM","9386291","in progress","Pending","1000",1000,"2026-09-02T19:46:25.570464+00:00"
"79bb7a84-e4f7-4338-af51-0c4b638f4f51","OldSMM","9384631","in progress","Pending","500",500,"2026-09-02T19:06:51.814415+00:00"
"211001e8-2380-4ebc-b930-de4c0efd0fdc","OldSMM","9382214","in progress","Pending","100",100,"2026-09-02T18:11:39.874908+00:00"
"9df4b63c-9467-4840-b2f7-bae68043665d","OldSMM","9381395","in progress","Pending","100",100,"2026-09-02T17:50:37.773133+00:00"
"bc875e9d-895c-4754-982f-1c87042d5729","OldSMM","9381132","in progress","Pending","100",100,"2026-09-02T17:44:29.971795+00:00"
"e26127be-aa01-48af-97be-ecedeebf0863","OldSMM","9370218","in progress","Pending","100",100,"2026-09-02T12:36:00.302133+00:00"
"47689561-0f09-4e65-8663-631cf4dda6a6","OldSMM","9351564","in progress","Pending","337",337,"2026-09-02T00:11:15.102693+00:00"
"67b28257-8d70-4662-8a32-9eea3c376b49","OldSMM","9342214","in progress","Pending","1000",1000,"2026-09-01T19:59:38.392414+00:00"
"89d71aae-e1c0-4674-9ec9-a38ab19b9c4d","OldSMM","9341917","in progress","Pending","1000",1000,"2026-09-01T19:51:35.35022+00:00"
"21a42d35-5fb5-48db-a5cc-2fdba31b939c","OldSMM","9335779","in progress","Pending","1000",1000,"2026-09-01T17:25:25.440255+00:00"
"e7befbab-a63b-4817-a807-5765cd157319","OldSMM","9334126","in progress","Pending","100",100,"2026-09-01T16:25:53.205071+00:00"
"8c797269-baa7-4e0b-afde-8dea374accfa","OldSMM","9334025","in progress","Pending","100",100,"2026-09-01T16:22:46.966085+00:00"
"37b85910-2a25-4ce6-8f80-dda00b3905f3","OldSMM","9329416","in progress","Pending","100",100,"2026-09-01T14:23:08.609585+00:00"
"ac7fb019-c910-4ea2-b67e-27fb7842f291","OldSMM","9328555","in progress","Pending","100",100,"2026-09-01T14:03:34.739822+00:00"
"98848a9c-87ba-41c3-9e79-b2a9f7130bca","OldSMM","9326110","completed","In progress","1000",1000,"2026-09-01T13:08:28.242124+00:00"
"b3348a78-cdf1-461d-abed-a110c0e34d5d","OldSMM","9326063","in progress","Pending","100",100,"2026-09-01T13:07:01.855762+00:00"
"a1495437-0b9d-4098-a0e4-48e2c7ec8224","OldSMM","9326012","in progress","Pending","150",150,"2026-09-01T13:05:24.98589+00:00"
"f62474c3-75f5-42ae-9005-cdfc3834ad5f","OldSMM","9325518","completed","Canceled","1000",1000,"2026-09-01T12:50:31.495765+00:00"
"6c3fdb97-9350-4a61-93bf-67e752b224fe","OldSMM","9320732","in progress","Pending","1000",1000,"2026-09-01T10:25:12.298257+00:00"
"accc10b7-8f56-4cb9-96bf-39e4fea86432","OldSMM","9315998","completed","Partial","94",100,"2026-09-01T07:27:05.081638+00:00"
"234b0936-01b7-41b6-b398-6255ebdee721","OldSMM","9315990","completed","Canceled","200",200,"2026-09-01T07:26:44.596573+00:00"
"cdb94d16-8468-48c0-b603-2454f50ef3a4","OldSMM","9314570","completed","Partial","991",1000,"2026-09-01T06:23:08.089909+00:00"
"5dfc5a39-dc55-4ba0-9068-615dd9873842","OldSMM","9310873","completed","Partial","977",1000,"2026-09-01T03:32:09.574396+00:00"
"a298c5f7-33a8-440b-9337-3815fafe3a44","OldSMM","9310194","in progress","Pending","100",100,"2026-09-01T03:06:08.500142+00:00"
"6c4871a9-0d61-493e-9849-430592b831f9","OldSMM","9306479","completed","Canceled","1000",1000,"2026-09-01T01:09:44.392444+00:00"
"f5199b82-5bc0-4de1-845f-31619446f3f1","OldSMM","9305496","completed","Canceled","300",300,"2026-09-01T00:43:23.958993+00:00"
"29186ea4-4d43-4e75-97cc-583a169666f6","OldSMM","9305431","completed","Canceled","300",300,"2026-09-01T00:41:38.642416+00:00"
"a6d5120f-d0a1-421a-ae13-6dd4756a0330","OldSMM","9304646","completed","Partial","965",1000,"2026-09-01T00:17:52.560539+00:00"
"be98c068-d690-46f4-bfee-1efafa477fb4","OldSMM","9303891","completed","Partial","216",250,"2026-08-31T23:52:46.003422+00:00"
"902890ab-a73a-4c7c-99ce-ead0eeb994d2","OldSMM","9303348","completed","Partial","421",500,"2026-08-31T23:35:21.905863+00:00"
"42752561-dff8-4f2c-9e54-667a59b6cf3e","OldSMM","9303073","completed","Partial","66",100,"2026-08-31T23:26:47.196988+00:00"
"bee384d1-8aaa-427b-88ef-8491a58cd2c4","OldSMM","9302909","partial","Canceled","200",200,"2026-08-31T23:22:20.120784+00:00"
"365711fb-3234-42f6-8ea8-04ed7c4c1719","OldSMM","9301986","completed","Partial","79",100,"2026-08-31T22:56:44.302374+00:00"
"0b750237-c0b4-445b-b17f-3323be80413a","OldSMM","9301977","completed","Partial","968",1000,"2026-08-31T22:56:17.172042+00:00"
"c3f200ca-9c72-4f7c-8b45-6b4b3855bbeb","OldSMM","9301960","completed","Partial","971",1000,"2026-08-31T22:56:03.599319+00:00"
"3a470382-e034-43bd-af1d-2d89370c7e00","OldSMM","9300539","completed","Canceled","100",100,"2026-08-31T22:17:29.084674+00:00"
"df36223f-ff5b-4e35-89f7-9fd917df8859","OldSMM","9300266","completed","Canceled","1000",1000,"2026-08-31T22:10:01.991102+00:00"
"90812171-cca6-4d5d-88bf-4e1d53f4808c","OldSMM","9299938","completed","Partial","71",100,"2026-08-31T22:02:20.939543+00:00"
"84b5a05a-a10b-4108-ad2b-2b6a28cff329","OldSMM","9299752","completed","Partial","58",100,"2026-08-31T21:57:10.985179+00:00"
"518a331c-3fd2-453e-bfd2-4d850533783a","OldSMM","9299681","completed","Partial","344",400,"2026-08-31T21:55:43.167642+00:00"
"d37c3975-c39a-4c02-91b2-7be95cbe24b5","OldSMM","9299544","completed","Partial","62",100,"2026-08-31T21:51:56.131686+00:00"
"e3bea6c9-2030-473d-8dbb-8a18ead5b2ac","OldSMM","9299312","partial","Canceled","500",500,"2026-08-31T21:46:17.939725+00:00"
"1c7b9f09-6015-43ef-90fa-8d3bf76f90e0","OldSMM","9298613","completed","Canceled","410",410,"2026-08-31T21:26:27.464723+00:00"
"ae3af656-d8fc-476b-b63e-c481d11b1b9c","OldSMM","9297053","completed","Partial","40",100,"2026-08-31T20:45:49.771959+00:00"
"1cb9dc36-5b6e-4317-bcda-8ea07236e3c0","OldSMM","9296231","completed","Partial","160",200,"2026-08-31T20:25:35.651992+00:00"
"c88119f4-2a2d-4d6f-a04a-7a7ef8d642a2","OldSMM","9295457","completed","Partial","94",100,"2026-08-31T20:06:12.356838+00:00"
"e52e6906-d41b-4748-a215-ecd2fabea83a","OldSMM","9295070","completed","Partial","447",450,"2026-08-31T19:59:41.400993+00:00"
"5910b492-e2e4-4931-b55e-9a2e76dae6d6","OldSMM","9292832","completed","Partial","194",200,"2026-08-31T19:04:00.319154+00:00"
"6cfa343f-85c7-4bdc-9197-fb158c9185d9","OldSMM","9292794","completed","Partial","453",500,"2026-08-31T19:03:12.596665+00:00"
"bb691b75-3f9e-4767-b623-ce4c65bdd7c3","OldSMM","9292534","completed","Partial","936",1000,"2026-08-31T18:56:09.497173+00:00"
"64ddeb3c-d601-4190-ba6d-2abb23915c56","OldSMM","9292509","completed","Partial","916",1000,"2026-08-31T18:55:28.426293+00:00"
"48882300-c595-4b7d-a245-e2f8328cb699","OldSMM","9292010","completed","Canceled","200",200,"2026-08-31T18:41:58.345303+00:00"
"98e9f46d-a6ae-44f6-8e35-24cf3f9eca9c","OldSMM","9290759","completed","Partial","51",100,"2026-08-31T18:07:34.293991+00:00"
"593e78d8-5ea8-4f55-95d4-0d40dee235be","OldSMM","9290558","partial","Canceled","150",150,"2026-08-31T18:01:49.038783+00:00"
"3e04f9e2-8114-4a1d-8209-f742c65e0317","OldSMM","9289103","completed","Partial","908",1000,"2026-08-31T17:23:54.959869+00:00"
"8ba5bbce-3d4c-4164-af2a-2a89d2473fb4","OldSMM","9288443","completed","Partial","946",1000,"2026-08-31T17:06:30.671411+00:00"
"a45215be-d8e7-4808-b91c-02c205be49c5","OldSMM","9283319","completed","Partial","136",200,"2026-08-31T15:05:35.999816+00:00"
"88597b31-8d88-4c2c-af36-3ecb281c0d00","OldSMM","9282834","completed","Partial","143",200,"2026-08-31T14:53:54.734153+00:00"
"795f77c8-0477-46c6-9d13-1f40a406d05c","OldSMM","9279205","completed","Partial","921",1000,"2026-08-31T13:22:50.12682+00:00"
"0d3aca93-03e5-43e4-b9ae-e7b4fa9bd447","OldSMM","9278001","completed","Partial","920",1000,"2026-08-31T12:51:39.269501+00:00"
"aed799c0-cdb3-430f-8121-ad7994d6eb6e","OldSMM","9269373","completed","Partial","857",1000,"2026-08-31T09:05:08.635376+00:00"
"704e03d8-2af1-4835-9991-93185e7fe923","OldSMM","9268646","completed","Partial","854",1000,"2026-08-31T08:39:39.529663+00:00"
"9f92f430-4a37-4368-8fba-a2b622f0b10f","OldSMM","9268575","completed","Partial","855",1000,"2026-08-31T08:37:32.463076+00:00"
"95bcd44e-a854-446c-8edd-79f5379adf79","OldSMM","9266673","completed","Canceled","1000",1000,"2026-08-31T07:38:08.485139+00:00"
"ab1b6a0e-78c6-4d2d-ad51-1798d4dd9fdd","OldSMM","9266658","completed","Canceled","1000",1000,"2026-08-31T07:37:42.643047+00:00"
"7700f8e7-929d-4a61-9783-1c1e054f2107","OldSMM","9266648","completed","Canceled","1000",1000,"2026-08-31T07:37:07.75126+00:00"
"7c738eb8-d836-4ea9-a3ae-4dbff6b977c0","OldSMM","9263266","completed","Partial","752",1000,"2026-08-31T05:54:22.241171+00:00"
"f11043ba-be28-4972-b239-0fbe585bf295","OldSMM","9258126","completed","Partial","36",300,"2026-08-31T02:15:47.393424+00:00"
"bac637dd-5725-4c3d-9a43-b297e197c619","OldSMM","9251502","completed","Partial","152",450,"2026-08-30T22:57:32.715004+00:00"
"4ecf7d6d-daff-4349-90b1-b7a5f0235748","OldSMM","9251129","completed","Partial","745",1000,"2026-08-30T22:46:30.389983+00:00"
"4b4c4f37-e71b-45f8-b574-8f3b11e5844f","OldSMM","9250560","completed","Partial","701",1000,"2026-08-30T22:32:12.697579+00:00"
"07a51de7-6a61-4408-90dc-2a8e98ac891c","OldSMM","9250430","in progress","Pending","200",200,"2026-08-30T22:28:42.78605+00:00"
"3492bcd5-36bc-4f69-8369-74b3e909bd0e","OldSMM","9249206","completed","Partial","671",1000,"2026-08-30T21:58:01.298937+00:00"
"849aec8c-8541-4728-9030-466618d2b914","OldSMM","9247310","completed","Partial","675",1000,"2026-08-30T21:11:25.694806+00:00"
"9a841a95-2fa5-4085-82c1-8d3fb6fb6777","OldSMM","9244393","completed","Partial","657",1000,"2026-08-30T20:00:51.293225+00:00"
"1b687315-0a0a-4f3d-8d4d-3eec108454b6","OldSMM","9244109","completed","Partial","357",700,"2026-08-30T19:54:12.670234+00:00"
"94b70eb6-ac79-44ff-9c71-e7793eefa07a","OldSMM","9242678","completed","Partial","622",1000,"2026-08-30T19:24:40.825152+00:00"
"dd1abc03-e763-493e-9714-0dacb2b26052","OldSMM","9240213","completed","Canceled","1000",1000,"2026-08-30T18:28:14.935645+00:00"
"4536c2ee-fca5-44ff-a2c3-f53067c01ffc","OldSMM","9231460","completed","Partial","559",1000,"2026-08-30T15:04:31.681065+00:00"
"b2a4cbc5-c126-460c-a04a-e2f8a151e2f3","OldSMM","9229578","completed","Partial","526",1000,"2026-08-30T14:20:40.603134+00:00"
"2e2931a0-dec3-462b-9379-0110c9c298c3","ApiOwner","11814617","in progress","Pending","100",100,"2026-09-03T16:41:03.368655+00:00"
"b96c8d3f-6ccd-4c31-8052-2d9bf2005481","ApiOwner","11813668","in progress","Pending","100",100,"2026-09-03T16:26:16.583133+00:00"
"f66edca0-c948-493c-984a-00e688d36ee8","ApiOwner","11782038","in progress","Processing","500",500,"2026-09-03T06:42:50.699179+00:00"
"93b70134-8017-48dc-a9b9-83c8d84834bc","ApiOwner","11729570","in progress","Pending","500",500,"2026-09-02T12:30:48.833422+00:00"
"6ff4eecd-56e8-40e1-b8c8-edbb8d8b2dc1","ApiOwner","11687031","in progress","Pending","456",500,"2026-09-01T19:48:19.034064+00:00"
"13799d72-b238-422d-bce0-d2fe09fbc418","ApiOwner","11684739","in progress","Pending","448",500,"2026-09-01T19:03:24.472368+00:00"
"990f2be4-a62b-4154-a55b-f1b6a812a683","ApiOwner","11682442","in progress","Pending","420",500,"2026-09-01T18:18:25.460219+00:00"
"d1a25d67-db57-4d9a-9c8e-f00e82fc664d","ApiOwner","11681835","in progress","Pending","18",100,"2026-09-01T18:07:26.30925+00:00"
"0e0235cd-89d4-41f1-b4c1-0349d7d5a43c","ApiOwner","11681758","in progress","Pending","48",100,"2026-09-01T18:05:51.316868+00:00"
"27e27457-ac6e-4e3d-b754-811410460e90","ApiOwner","11676954","in progress","Pending","389",500,"2026-09-01T16:56:58.506947+00:00"
"1b5c5b37-3595-4df7-a3d9-210f3bf81e46","ApiOwner","11664377","in progress","Pending","192",200,"2026-09-01T13:30:03.952906+00:00"
"be54f973-12d1-428d-99b1-6f0c0d47f6bd","ApiOwner","11661936","in progress","Pending","53",100,"2026-09-01T12:46:21.501987+00:00"
"a279513d-169b-41f5-a5d5-e1f279bbf555","ApiOwner","11660289","in progress","Pending","100",100,"2026-09-01T12:19:12.478148+00:00"